vod_id,start_sec,end_sec,label
vod_001,0,5,Non-Highlight
vod_001,5,10,Non-Highlight
vod_001,10,15,Non-Highlight
vod_001,15,20,Non-Highlight
vod_001,20,25,Non-Highlight
vod_001,25,30,Non-Highlight
vod_001,30,35,Non-Highlight
vod_001,35,40,Non-Highlight
vod_001,40,45,Non-Highlight
vod_001,45,50,Non-Highlight
vod_001,50,55,Non-Highlight
vod_001,55,60,Non-Highlight
vod_001,60,65,Non-Highlight
vod_001,65,70,Non-Highlight
vod_001,70,75,Non-Highlight
vod_001,75,80,Non-Highlight
vod_001,80,85,Non-Highlight
vod_001,85,90,Non-Highlight
vod_001,90,95,Non-Highlight
vod_001,95,100,Non-Highlight
vod_001,100,105,Non-Highlight
vod_001,105,110,Non-Highlight
vod_001,110,115,Non-Highlight
vod_001,115,120,Non-Highlight
vod_001,120,125,Non-Highlight
vod_001,125,130,Non-Highlight
vod_001,130,135,Non-Highlight
vod_001,135,140,Non-Highlight
vod_001,140,145,Non-Highlight
vod_001,145,150,Non-Highlight
vod_001,150,155,Non-Highlight
vod_001,155,160,Non-Highlight
vod_001,160,165,Non-Highlight
vod_001,165,170,Non-Highlight
vod_001,170,175,Non-Highlight
vod_001,175,180,Non-Highlight
vod_001,180,185,Non-Highlight
vod_001,185,190,Non-Highlight
vod_001,190,195,Non-Highlight
vod_001,195,200,Non-Highlight
vod_001,200,205,Non-Highlight
vod_001,205,210,Non-Highlight
vod_001,210,215,Non-Highlight
vod_001,215,220,Non-Highlight
vod_001,220,225,Non-Highlight
vod_001,225,230,Non-Highlight
vod_001,230,235,Non-Highlight
vod_001,235,240,Non-Highlight
vod_001,240,245,Non-Highlight
vod_001,245,250,Non-Highlight
vod_001,250,255,Non-Highlight
vod_001,255,260,Non-Highlight
vod_001,260,265,Non-Highlight
vod_001,265,270,Non-Highlight
vod_001,270,275,Non-Highlight
vod_001,275,280,Non-Highlight
vod_001,280,285,Non-Highlight
vod_001,285,290,Non-Highlight
vod_001,290,295,Non-Highlight
vod_001,295,300,Non-Highlight
vod_001,300,305,Non-Highlight
vod_001,305,310,Non-Highlight
vod_001,310,315,Non-Highlight
vod_001,315,320,Non-Highlight
vod_001,320,325,Non-Highlight
vod_001,325,330,Non-Highlight
vod_001,330,335,Non-Highlight
vod_001,335,340,Non-Highlight
vod_001,340,345,Non-Highlight
vod_001,345,350,Non-Highlight
vod_001,350,355,Non-Highlight
vod_001,355,360,Non-Highlight
vod_001,360,365,Non-Highlight
vod_001,365,370,Non-Highlight
vod_001,370,375,Non-Highlight
vod_001,375,380,Non-Highlight
vod_001,380,385,Non-Highlight
vod_001,385,390,Non-Highlight
vod_001,390,395,Non-Highlight
vod_001,395,400,Non-Highlight
vod_001,400,405,Non-Highlight
vod_001,405,410,Non-Highlight
vod_001,410,415,Non-Highlight
vod_001,415,420,Non-Highlight
vod_001,420,425,Non-Highlight
vod_001,425,430,Non-Highlight
vod_001,430,435,Non-Highlight
vod_001,435,440,Non-Highlight
vod_001,440,445,Non-Highlight
vod_001,445,450,Non-Highlight
vod_001,450,455,Non-Highlight
vod_001,455,460,Non-Highlight
vod_001,460,465,Non-Highlight
vod_001,465,470,Non-Highlight
vod_001,470,475,Non-Highlight
vod_001,475,480,Non-Highlight
vod_001,480,485,Non-Highlight
vod_001,485,490,Non-Highlight
vod_001,490,495,Non-Highlight
vod_001,495,500,Non-Highlight
vod_001,500,505,Non-Highlight
vod_001,505,510,Non-Highlight
vod_001,510,515,Non-Highlight
vod_001,515,520,Non-Highlight
vod_001,520,525,Non-Highlight
vod_001,525,530,Non-Highlight
vod_001,530,535,Non-Highlight
vod_001,535,540,Non-Highlight
vod_001,540,545,Non-Highlight
vod_001,545,550,Non-Highlight
vod_001,550,555,Non-Highlight
vod_001,555,560,Non-Highlight
vod_001,560,565,Non-Highlight
vod_001,565,570,Non-Highlight
vod_001,570,575,Non-Highlight
vod_001,575,580,Non-Highlight
vod_001,580,585,Non-Highlight
vod_001,585,590,Non-Highlight
vod_001,590,595,Non-Highlight
vod_001,595,600,Non-Highlight
vod_001,600,605,Non-Highlight
vod_001,605,610,Non-Highlight
vod_001,610,615,Non-Highlight
vod_001,615,620,Non-Highlight
vod_001,620,625,Non-Highlight
vod_001,625,630,Non-Highlight
vod_001,630,635,Non-Highlight
vod_001,635,640,Non-Highlight
vod_001,640,645,Non-Highlight
vod_001,645,650,Non-Highlight
vod_001,650,655,Non-Highlight
vod_001,655,660,Non-Highlight
vod_001,660,665,Non-Highlight
vod_001,665,670,Non-Highlight
vod_001,670,675,Non-Highlight
vod_001,675,680,Non-Highlight
vod_001,680,685,Non-Highlight
vod_001,685,690,Non-Highlight
vod_001,690,695,Non-Highlight
vod_001,695,700,Non-Highlight
vod_001,700,705,Non-Highlight
vod_001,705,710,Non-Highlight
vod_001,710,715,Non-Highlight
vod_001,715,720,Non-Highlight
vod_001,720,725,Non-Highlight
vod_001,725,730,Non-Highlight
vod_001,730,735,Non-Highlight
vod_001,735,740,Non-Highlight
vod_001,740,745,Non-Highlight
vod_001,745,750,Non-Highlight
vod_001,750,755,Near-Highlight
vod_001,755,760,Highlight
vod_001,760,765,Highlight
vod_001,765,770,Near-Highlight
vod_001,770,775,Near-Highlight
vod_001,775,780,Near-Highlight
vod_001,780,785,Non-Highlight
vod_001,785,790,Non-Highlight
vod_001,790,795,Non-Highlight
vod_001,795,800,Non-Highlight
vod_001,800,805,Non-Highlight
vod_001,805,810,Non-Highlight
vod_001,810,815,Non-Highlight
vod_001,815,820,Non-Highlight
vod_001,820,825,Non-Highlight
vod_001,825,830,Non-Highlight
vod_001,830,835,Non-Highlight
vod_001,835,840,Non-Highlight
vod_001,840,845,Non-Highlight
vod_001,845,850,Non-Highlight
vod_001,850,855,Non-Highlight
vod_001,855,860,Near-Highlight
vod_001,860,865,Highlight
vod_001,865,870,Highlight
vod_001,870,875,Highlight
vod_001,875,880,Highlight
vod_001,880,885,Highlight
vod_001,885,890,Near-Highlight
vod_001,890,895,Near-Highlight
vod_001,895,900,Highlight
vod_001,900,905,Highlight
vod_001,905,910,Near-Highlight
vod_001,910,915,Near-Highlight
vod_001,915,920,Non-Highlight
vod_001,920,925,Non-Highlight
vod_001,925,930,Non-Highlight
vod_001,930,935,Non-Highlight
vod_001,935,940,Non-Highlight
vod_001,940,945,Non-Highlight
vod_001,945,950,Non-Highlight
vod_001,950,955,Non-Highlight
vod_001,955,960,Non-Highlight
vod_001,960,965,Non-Highlight
vod_001,965,970,Non-Highlight
vod_001,970,975,Non-Highlight
vod_001,975,980,Non-Highlight
vod_001,980,985,Non-Highlight
vod_001,985,990,Non-Highlight
vod_001,990,995,Non-Highlight
vod_001,995,1000,Non-Highlight
vod_001,1000,1005,Non-Highlight
vod_001,1005,1010,Non-Highlight
vod_001,1010,1015,Non-Highlight
vod_001,1015,1020,Non-Highlight
vod_001,1020,1025,Non-Highlight
vod_001,1025,1030,Non-Highlight
vod_001,1030,1035,Non-Highlight
vod_001,1035,1040,Non-Highlight
vod_001,1040,1045,Non-Highlight
vod_001,1045,1050,Non-Highlight
vod_001,1050,1055,Non-Highlight
vod_001,1055,1060,Non-Highlight
vod_001,1060,1065,Near-Highlight
vod_001,1065,1070,Near-Highlight
vod_001,1070,1075,Near-Highlight
vod_001,1075,1080,Non-Highlight
vod_001,1080,1085,Non-Highlight
vod_001,1085,1090,Non-Highlight
vod_001,1090,1095,Non-Highlight
vod_001,1095,1100,Non-Highlight
vod_001,1100,1105,Non-Highlight
vod_001,1105,1110,Non-Highlight
vod_001,1110,1115,Non-Highlight
vod_001,1115,1120,Non-Highlight
vod_001,1120,1125,Non-Highlight
vod_001,1125,1130,Non-Highlight
vod_001,1130,1135,Non-Highlight
vod_001,1135,1140,Near-Highlight
vod_001,1140,1145,Highlight
vod_001,1145,1150,Highlight
vod_001,1150,1155,Highlight
vod_001,1155,1160,Highlight
vod_001,1160,1165,Highlight
vod_001,1165,1170,Near-Highlight
vod_001,1170,1175,Near-Highlight
vod_001,1175,1180,Non-Highlight
vod_001,1180,1185,Non-Highlight
vod_001,1185,1190,Non-Highlight
vod_001,1190,1195,Non-Highlight
vod_001,1195,1200,Non-Highlight
vod_001,1200,1205,Non-Highlight
vod_001,1205,1210,Non-Highlight
vod_001,1210,1215,Non-Highlight
vod_001,1215,1220,Non-Highlight
vod_001,1220,1225,Non-Highlight
vod_001,1225,1230,Non-Highlight
vod_001,1230,1235,Non-Highlight
vod_001,1235,1240,Non-Highlight
vod_001,1240,1245,Non-Highlight
vod_001,1245,1250,Non-Highlight
vod_001,1250,1255,Non-Highlight
vod_001,1255,1260,Non-Highlight
vod_001,1260,1265,Non-Highlight
vod_001,1265,1270,Non-Highlight
vod_001,1270,1275,Non-Highlight
vod_001,1275,1280,Near-Highlight
vod_001,1280,1285,Near-Highlight
vod_001,1285,1290,Highlight
vod_001,1290,1295,Highlight
vod_001,1295,1300,Highlight
vod_001,1300,1305,Near-Highlight
vod_001,1305,1310,Near-Highlight
vod_001,1310,1315,Non-Highlight
vod_001,1315,1320,Non-Highlight
vod_001,1320,1325,Non-Highlight
vod_001,1325,1330,Non-Highlight
vod_001,1330,1335,Non-Highlight
vod_001,1335,1340,Non-Highlight
vod_001,1340,1345,Non-Highlight
vod_001,1345,1350,Non-Highlight
vod_001,1350,1355,Non-Highlight
vod_001,1355,1360,Non-Highlight
vod_001,1360,1365,Non-Highlight
vod_001,1365,1370,Non-Highlight
vod_001,1370,1375,Non-Highlight
vod_001,1375,1380,Non-Highlight
vod_001,1380,1385,Non-Highlight
vod_001,1385,1390,Non-Highlight
vod_001,1390,1395,Non-Highlight
vod_001,1395,1400,Non-Highlight
vod_001,1400,1405,Non-Highlight
vod_001,1405,1410,Non-Highlight
vod_001,1410,1415,Non-Highlight
vod_001,1415,1420,Non-Highlight
vod_001,1420,1425,Non-Highlight
vod_001,1425,1430,Near-Highlight
vod_001,1430,1435,Near-Highlight
vod_001,1435,1440,Non-Highlight
vod_001,1440,1445,Non-Highlight
vod_001,1445,1450,Non-Highlight
vod_001,1450,1455,Non-Highlight
vod_001,1455,1460,Non-Highlight
vod_001,1460,1465,Non-Highlight
vod_001,1465,1470,Non-Highlight
vod_001,1470,1475,Non-Highlight
vod_001,1475,1480,Non-Highlight
vod_001,1480,1485,Near-Highlight
vod_001,1485,1490,Highlight
vod_001,1490,1495,Highlight
vod_001,1495,1500,Near-Highlight
vod_001,1500,1505,Non-Highlight
vod_001,1505,1510,Non-Highlight
vod_001,1510,1515,Non-Highlight
vod_001,1515,1520,Non-Highlight
vod_001,1520,1525,Non-Highlight
vod_001,1525,1530,Non-Highlight
vod_001,1530,1535,Non-Highlight
vod_001,1535,1540,Non-Highlight
vod_001,1540,1545,Non-Highlight
vod_001,1545,1550,Non-Highlight
vod_001,1550,1555,Non-Highlight
vod_001,1555,1560,Non-Highlight
vod_001,1560,1565,Non-Highlight
vod_001,1565,1570,Non-Highlight
vod_001,1570,1575,Non-Highlight
vod_001,1575,1580,Non-Highlight
vod_001,1580,1585,Non-Highlight
vod_001,1585,1590,Non-Highlight
vod_001,1590,1595,Non-Highlight
vod_001,1595,1600,Non-Highlight
vod_001,1600,1605,Non-Highlight
vod_001,1605,1610,Near-Highlight
vod_001,1610,1615,Near-Highlight
vod_001,1615,1620,Near-Highlight
vod_001,1620,1625,Near-Highlight
vod_001,1625,1630,Near-Highlight
vod_001,1630,1635,Near-Highlight
vod_001,1635,1640,Highlight
vod_001,1640,1645,Highlight
vod_001,1645,1650,Highlight
vod_001,1650,1655,Highlight
vod_001,1655,1660,Highlight
vod_001,1660,1665,Highlight
vod_001,1665,1670,Highlight
vod_001,1670,1675,Near-Highlight
vod_001,1675,1680,Non-Highlight
vod_001,1680,1685,Non-Highlight
vod_001,1685,1690,Non-Highlight
vod_001,1690,1695,Non-Highlight
vod_001,1695,1700,Non-Highlight
vod_001,1700,1705,Non-Highlight
vod_001,1705,1710,Non-Highlight
vod_001,1710,1715,Non-Highlight
vod_001,1715,1720,Non-Highlight
vod_001,1720,1725,Non-Highlight
vod_001,1725,1730,Non-Highlight
vod_001,1730,1735,Non-Highlight
vod_001,1735,1740,Non-Highlight
vod_001,1740,1745,Non-Highlight
vod_001,1745,1750,Non-Highlight
vod_001,1750,1755,Non-Highlight
vod_001,1755,1760,Non-Highlight
vod_001,1760,1765,Non-Highlight
vod_001,1765,1770,Non-Highlight
vod_001,1770,1775,Non-Highlight
vod_001,1775,1780,Near-Highlight
vod_001,1780,1785,Near-Highlight
vod_001,1785,1790,Near-Highlight
vod_001,1790,1795,Near-Highlight
vod_001,1795,1800,Near-Highlight
vod_001,1800,1805,Near-Highlight
vod_001,1805,1810,Highlight
vod_001,1810,1815,Highlight
vod_001,1815,1820,Highlight
vod_001,1820,1825,Highlight
vod_001,1825,1830,Highlight
vod_001,1830,1835,Highlight
vod_001,1835,1840,Highlight
vod_001,1840,1845,Highlight
vod_001,1845,1850,Highlight
vod_001,1850,1855,Highlight
vod_001,1855,1860,Highlight
vod_001,1860,1865,Highlight
vod_001,1865,1870,Highlight
vod_001,1870,1875,Highlight
vod_001,1875,1880,Highlight
vod_001,1880,1885,Near-Highlight
vod_001,1885,1890,Near-Highlight
vod_001,1890,1895,Non-Highlight
vod_001,1895,1900,Non-Highlight
vod_001,1900,1905,Non-Highlight
vod_001,1905,1910,Non-Highlight
vod_001,1910,1915,Non-Highlight
vod_001,1915,1920,Non-Highlight
vod_001,1920,1925,Non-Highlight
vod_001,1925,1930,Non-Highlight
vod_001,1930,1935,Non-Highlight
vod_001,1935,1940,Non-Highlight
vod_001,1940,1945,Non-Highlight
vod_001,1945,1950,Non-Highlight
vod_001,1950,1955,Non-Highlight
vod_001,1955,1960,Non-Highlight
vod_001,1960,1965,Near-Highlight
vod_001,1965,1970,Near-Highlight
vod_001,1970,1975,Near-Highlight
vod_001,1975,1980,Highlight
vod_001,1980,1985,Highlight
vod_001,1985,1990,Highlight
vod_001,1990,1995,Highlight
vod_001,1995,2000,Highlight
vod_001,2000,2005,Highlight
vod_001,2005,2010,Near-Highlight
vod_001,2010,2015,Near-Highlight
vod_001,2015,2020,Non-Highlight
vod_001,2020,2025,Non-Highlight
vod_001,2025,2030,Non-Highlight
vod_001,2030,2035,Non-Highlight
vod_001,2035,2040,Non-Highlight
vod_001,2040,2045,Non-Highlight
vod_001,2045,2050,Non-Highlight
vod_001,2050,2055,Non-Highlight
vod_001,2055,2060,Non-Highlight
vod_001,2060,2065,Non-Highlight
vod_001,2065,2070,Non-Highlight
vod_001,2070,2075,Non-Highlight
vod_001,2075,2080,Non-Highlight
vod_001,2080,2085,Non-Highlight
vod_001,2085,2090,Non-Highlight
vod_001,2090,2095,Non-Highlight
vod_001,2095,2100,Non-Highlight
vod_001,2100,2105,Non-Highlight
vod_001,2105,2110,Non-Highlight
vod_001,2110,2115,Non-Highlight
vod_001,2115,2120,Non-Highlight
vod_001,2120,2125,Non-Highlight
vod_001,2125,2130,Non-Highlight
vod_001,2130,2135,Non-Highlight
vod_001,2135,2140,Non-Highlight
vod_001,2140,2145,Non-Highlight
vod_001,2145,2150,Non-Highlight
vod_001,2150,2155,Non-Highlight
vod_001,2155,2160,Non-Highlight
vod_001,2160,2165,Non-Highlight
vod_001,2165,2170,Non-Highlight
vod_001,2170,2175,Non-Highlight
vod_001,2175,2180,Non-Highlight
vod_001,2180,2185,Non-Highlight
vod_001,2185,2190,Non-Highlight
vod_001,2190,2195,Non-Highlight
vod_001,2195,2200,Non-Highlight
vod_001,2200,2205,Non-Highlight
vod_001,2205,2210,Near-Highlight
vod_001,2210,2215,Highlight
vod_001,2215,2220,Highlight
vod_001,2220,2225,Highlight
vod_001,2225,2230,Highlight
vod_001,2230,2235,Highlight
vod_001,2235,2240,Highlight
vod_001,2240,2245,Near-Highlight
vod_001,2245,2250,Non-Highlight
vod_001,2250,2255,Non-Highlight
vod_001,2255,2260,Non-Highlight
vod_001,2260,2265,Non-Highlight
vod_001,2265,2270,Non-Highlight
vod_001,2270,2275,Non-Highlight
vod_001,2275,2280,Non-Highlight
vod_001,2280,2285,Non-Highlight
vod_001,2285,2290,Non-Highlight
vod_001,2290,2295,Non-Highlight
vod_001,2295,2300,Non-Highlight
vod_001,2300,2305,Non-Highlight
vod_001,2305,2310,Non-Highlight
vod_001,2310,2315,Non-Highlight
vod_001,2315,2320,Non-Highlight
vod_001,2320,2325,Non-Highlight
vod_001,2325,2330,Non-Highlight
vod_001,2330,2335,Non-Highlight
vod_001,2335,2340,Non-Highlight
vod_001,2340,2345,Non-Highlight
vod_001,2345,2350,Non-Highlight
vod_001,2350,2355,Non-Highlight
vod_001,2355,2360,Non-Highlight
vod_001,2360,2365,Non-Highlight
vod_001,2365,2370,Non-Highlight
vod_001,2370,2375,Non-Highlight
vod_001,2375,2380,Non-Highlight
vod_001,2380,2385,Non-Highlight
vod_001,2385,2390,Non-Highlight
vod_001,2390,2395,Non-Highlight
vod_001,2395,2400,Non-Highlight
vod_001,2400,2405,Non-Highlight
vod_001,2405,2410,Non-Highlight
vod_001,2410,2415,Non-Highlight
vod_001,2415,2420,Non-Highlight
vod_001,2420,2425,Non-Highlight
vod_001,2425,2430,Non-Highlight
vod_001,2430,2435,Non-Highlight
vod_001,2435,2440,Non-Highlight
vod_001,2440,2445,Non-Highlight
vod_001,2445,2450,Non-Highlight
vod_001,2450,2455,Non-Highlight
vod_001,2455,2460,Non-Highlight
vod_001,2460,2465,Non-Highlight
vod_001,2465,2470,Non-Highlight
vod_001,2470,2475,Non-Highlight
vod_001,2475,2480,Non-Highlight
vod_001,2480,2485,Non-Highlight
vod_001,2485,2490,Non-Highlight
vod_001,2490,2495,Non-Highlight
vod_001,2495,2500,Non-Highlight
vod_001,2500,2505,Non-Highlight
vod_001,2505,2510,Non-Highlight
vod_001,2510,2515,Non-Highlight
vod_001,2515,2520,Non-Highlight
vod_001,2520,2525,Non-Highlight
vod_001,2525,2530,Non-Highlight
vod_001,2530,2535,Non-Highlight
vod_001,2535,2540,Non-Highlight
vod_001,2540,2545,Non-Highlight
vod_001,2545,2550,Non-Highlight
vod_001,2550,2555,Non-Highlight
vod_001,2555,2560,Non-Highlight
vod_001,2560,2565,Non-Highlight
vod_001,2565,2570,Non-Highlight
vod_001,2570,2575,Non-Highlight
vod_001,2575,2580,Non-Highlight
vod_001,2580,2585,Non-Highlight
vod_001,2585,2590,Non-Highlight
vod_001,2590,2595,Non-Highlight
vod_001,2595,2600,Non-Highlight
vod_001,2600,2605,Non-Highlight
vod_001,2605,2610,Non-Highlight
vod_001,2610,2615,Non-Highlight
vod_001,2615,2620,Non-Highlight
vod_001,2620,2625,Non-Highlight
vod_001,2625,2630,Non-Highlight
vod_001,2630,2635,Non-Highlight
vod_001,2635,2640,Non-Highlight
vod_001,2640,2645,Non-Highlight
vod_001,2645,2650,Non-Highlight
vod_001,2650,2655,Non-Highlight
vod_001,2655,2660,Non-Highlight
vod_001,2660,2665,Non-Highlight
vod_001,2665,2670,Near-Highlight
vod_001,2670,2675,Highlight
vod_001,2675,2680,Highlight
vod_001,2680,2685,Highlight
vod_001,2685,2690,Highlight
vod_001,2690,2695,Highlight
vod_001,2695,2700,Highlight
vod_001,2700,2705,Near-Highlight
vod_001,2705,2710,Near-Highlight
vod_002,0,5,Non-Highlight
vod_002,5,10,Non-Highlight
vod_002,10,15,Non-Highlight
vod_002,15,20,Non-Highlight
vod_002,20,25,Non-Highlight
vod_002,25,30,Non-Highlight
vod_002,30,35,Non-Highlight
vod_002,35,40,Non-Highlight
vod_002,40,45,Non-Highlight
vod_002,45,50,Non-Highlight
vod_002,50,55,Non-Highlight
vod_002,55,60,Non-Highlight
vod_002,60,65,Non-Highlight
vod_002,65,70,Non-Highlight
vod_002,70,75,Non-Highlight
vod_002,75,80,Non-Highlight
vod_002,80,85,Non-Highlight
vod_002,85,90,Non-Highlight
vod_002,90,95,Non-Highlight
vod_002,95,100,Non-Highlight
vod_002,100,105,Non-Highlight
vod_002,105,110,Non-Highlight
vod_002,110,115,Non-Highlight
vod_002,115,120,Non-Highlight
vod_002,120,125,Non-Highlight
vod_002,125,130,Non-Highlight
vod_002,130,135,Non-Highlight
vod_002,135,140,Non-Highlight
vod_002,140,145,Non-Highlight
vod_002,145,150,Non-Highlight
vod_002,150,155,Non-Highlight
vod_002,155,160,Non-Highlight
vod_002,160,165,Non-Highlight
vod_002,165,170,Non-Highlight
vod_002,170,175,Non-Highlight
vod_002,175,180,Non-Highlight
vod_002,180,185,Non-Highlight
vod_002,185,190,Non-Highlight
vod_002,190,195,Non-Highlight
vod_002,195,200,Non-Highlight
vod_002,200,205,Non-Highlight
vod_002,205,210,Non-Highlight
vod_002,210,215,Non-Highlight
vod_002,215,220,Non-Highlight
vod_002,220,225,Non-Highlight
vod_002,225,230,Non-Highlight
vod_002,230,235,Non-Highlight
vod_002,235,240,Non-Highlight
vod_002,240,245,Non-Highlight
vod_002,245,250,Non-Highlight
vod_002,250,255,Non-Highlight
vod_002,255,260,Non-Highlight
vod_002,260,265,Non-Highlight
vod_002,265,270,Non-Highlight
vod_002,270,275,Non-Highlight
vod_002,275,280,Non-Highlight
vod_002,280,285,Non-Highlight
vod_002,285,290,Non-Highlight
vod_002,290,295,Non-Highlight
vod_002,295,300,Non-Highlight
vod_002,300,305,Non-Highlight
vod_002,305,310,Non-Highlight
vod_002,310,315,Near-Highlight
vod_002,315,320,Near-Highlight
vod_002,320,325,Non-Highlight
vod_002,325,330,Non-Highlight
vod_002,330,335,Non-Highlight
vod_002,335,340,Non-Highlight
vod_002,340,345,Near-Highlight
vod_002,345,350,Near-Highlight
vod_002,350,355,Non-Highlight
vod_002,355,360,Non-Highlight
vod_002,360,365,Non-Highlight
vod_002,365,370,Non-Highlight
vod_002,370,375,Non-Highlight
vod_002,375,380,Non-Highlight
vod_002,380,385,Non-Highlight
vod_002,385,390,Non-Highlight
vod_002,390,395,Non-Highlight
vod_002,395,400,Non-Highlight
vod_002,400,405,Non-Highlight
vod_002,405,410,Non-Highlight
vod_002,410,415,Non-Highlight
vod_002,415,420,Non-Highlight
vod_002,420,425,Non-Highlight
vod_002,425,430,Non-Highlight
vod_002,430,435,Near-Highlight
vod_002,435,440,Near-Highlight
vod_002,440,445,Non-Highlight
vod_002,445,450,Non-Highlight
vod_002,450,455,Non-Highlight
vod_002,455,460,Non-Highlight
vod_002,460,465,Non-Highlight
vod_002,465,470,Non-Highlight
vod_002,470,475,Non-Highlight
vod_002,475,480,Non-Highlight
vod_002,480,485,Non-Highlight
vod_002,485,490,Non-Highlight
vod_002,490,495,Non-Highlight
vod_002,495,500,Non-Highlight
vod_002,500,505,Non-Highlight
vod_002,505,510,Non-Highlight
vod_002,510,515,Non-Highlight
vod_002,515,520,Non-Highlight
vod_002,520,525,Non-Highlight
vod_002,525,530,Non-Highlight
vod_002,530,535,Non-Highlight
vod_002,535,540,Non-Highlight
vod_002,540,545,Highlight
vod_002,545,550,Non-Highlight
vod_002,550,555,Non-Highlight
vod_002,555,560,Non-Highlight
vod_002,560,565,Non-Highlight
vod_002,565,570,Non-Highlight
vod_002,570,575,Non-Highlight
vod_002,575,580,Non-Highlight
vod_002,580,585,Non-Highlight
vod_002,585,590,Non-Highlight
vod_002,590,595,Non-Highlight
vod_002,595,600,Non-Highlight
vod_002,600,605,Non-Highlight
vod_002,605,610,Non-Highlight
vod_002,610,615,Non-Highlight
vod_002,615,620,Non-Highlight
vod_002,620,625,Near-Highlight
vod_002,625,630,Highlight
vod_002,630,635,Non-Highlight
vod_002,635,640,Non-Highlight
vod_002,640,645,Non-Highlight
vod_002,645,650,Near-Highlight
vod_002,650,655,Highlight
vod_002,655,660,Near-Highlight
vod_002,660,665,Non-Highlight
vod_002,665,670,Non-Highlight
vod_002,670,675,Non-Highlight
vod_002,675,680,Non-Highlight
vod_002,680,685,Non-Highlight
vod_002,685,690,Non-Highlight
vod_002,690,695,Non-Highlight
vod_002,695,700,Non-Highlight 
vod_002,700,705,Non-Highlight
vod_002,705,710,Non-Highlight
vod_002,710,715,Non-Highlight
vod_002,715,720,Non-Highlight
vod_002,720,725,Non-Highlight
vod_002,725,730,Non-Highlight
vod_002,730,735,Non-Highlight
vod_002,735,740,Non-Highlight
vod_002,740,745,Non-Highlight
vod_002,745,750,Non-Highlight
vod_002,750,755,Non-Highlight
vod_002,755,760,Near-Highlight
vod_002,760,765,Non-Highlight
vod_002,765,770,Highlight
vod_002,770,775,Highlight
vod_002,775,780,Non-Highlight
vod_002,780,785,Non-Highlight
vod_002,785,790,Non-Highlight
vod_002,790,795,Non-Highlight
vod_002,795,800,Non-Highlight
vod_002,800,805,Non-Highlight
vod_002,805,810,Non-Highlight
vod_002,810,815,Non-Highlight
vod_002,815,820,Non-Highlight
vod_002,820,825,Non-Highlight
vod_002,825,830,Non-Highlight
vod_002,830,835,Non-Highlight
vod_002,835,840,Non-Highlight
vod_002,840,845,Non-Highlight
vod_002,845,850,Non-Highlight
vod_002,850,855,Non-Highlight
vod_002,855,860,Non-Highlight
vod_002,860,865,Non-Highlight
vod_002,865,870,Non-Highlight
vod_002,870,875,Non-Highlight
vod_002,875,880,Non-Highlight
vod_002,880,885,Non-Highlight
vod_002,885,890,Non-Highlight
vod_002,890,895,Non-Highlight
vod_002,895,900,Highlight
vod_002,900,905,Near-Highlight
vod_002,905,910,Non-Highlight
vod_002,910,915,Non-Highlight
vod_002,915,920,Non-Highlight
vod_002,920,925,Non-Highlight
vod_002,925,930,Non-Highlight
vod_002,930,935,Near-Highlight
vod_002,935,940,Near-Highlight
vod_002,940,945,Non-Highlight
vod_002,945,950,Non-Highlight
vod_002,950,955,Non-Highlight
vod_002,955,960,Non-Highlight
vod_002,960,965,Non-Highlight
vod_002,965,970,Non-Highlight
vod_002,970,975,Non-Highlight
vod_002,975,980,Non-Highlight
vod_002,980,985,Non-Highlight
vod_002,985,990,Non-Highlight
vod_002,990,995,Near-Highlight
vod_002,995,1000,Highlight
vod_002,1000,1005,Highlight
vod_002,1005,1010,Highlight
vod_002,1010,1015,Non-Highlight
vod_002,1015,1020,Non-Highlight
vod_002,1020,1025,Non-Highlight
vod_002,1025,1030,Non-Highlight
vod_002,1030,1035,Non-Highlight
vod_002,1035,1040,Non-Highlight
vod_002,1040,1045,Non-Highlight
vod_002,1045,1050,Non-Highlight
vod_002,1050,1055,Non-Highlight
vod_002,1055,1060,Non-Highlight
vod_002,1060,1065,Non-Highlight
vod_002,1065,1070,Non-Highlight
vod_002,1070,1075,Non-Highlight
vod_002,1075,1080,Non-Highlight
vod_002,1080,1085,Non-Highlight
vod_002,1085,1090,Non-Highlight
vod_002,1090,1095,Non-Highlight
vod_002,1095,1100,Non-Highlight
vod_002,1100,1105,Non-Highlight
vod_002,1105,1110,Non-Highlight
vod_002,1110,1115,Non-Highlight
vod_002,1115,1120,Non-Highlight
vod_002,1120,1125,Non-Highlight
vod_002,1125,1130,Non-Highlight
vod_002,1130,1135,Non-Highlight
vod_002,1135,1140,Non-Highlight
vod_002,1140,1145,Non-Highlight
vod_002,1145,1150,Non-Highlight
vod_002,1150,1155,Non-Highlight
vod_002,1155,1160,Non-Highlight
vod_002,1160,1165,Non-Highlight
vod_002,1165,1170,Near-Higlight
vod_002,1170,1175,Near-Higlight
vod_002,1175,1180,Highlight
vod_002,1180,1185,Near-Higlight
vod_002,1185,1190,Non-Highlight
vod_002,1190,1195,Non-Highlight
vod_002,1195,1200,Non-Highlight
vod_002,1200,1205,Non-Highlight
vod_002,1205,1210,Non-Highlight
vod_002,1210,1215,Non-Highlight
vod_002,1215,1220,Non-Highlight
vod_002,1220,1225,Non-Highlight
vod_002,1225,1230,Non-Highlight
vod_002,1230,1235,Non-Highlight
vod_002,1235,1240,Non-Highlight
vod_002,1240,1245,Non-Highlight
vod_002,1245,1250,Non-Highlight
vod_002,1250,1255,Non-Highlight
vod_002,1255,1260,Non-Highlight
vod_002,1260,1265,Non-Highlight
vod_002,1265,1270,Non-Highlight
vod_002,1270,1275,Non-Highlight
vod_002,1275,1280,Non-Highlight
vod_002,1280,1285,Non-Highlight
vod_002,1285,1290,Non-Highlight
vod_002,1290,1295,Non-Highlight
vod_002,1295,1300,Non-Highlight
vod_002,1300,1305,Non-Highlight
vod_002,1305,1310,Non-Highlight
vod_002,1310,1315,Non-Highlight
vod_002,1315,1320,Non-Highlight
vod_002,1320,1325,Non-Highlight
vod_002,1325,1330,Non-Highlight
vod_002,1330,1335,Non-Highlight
vod_002,1335,1340,Highlight
vod_002,1340,1345,Highlight
vod_002,1345,1350,Highlight
vod_002,1350,1355,Highlight
vod_002,1355,1360,Non-Highlight
vod_002,1360,1365,Non-Highlight
vod_002,1365,1370,Near-Highlight
vod_002,1370,1375,Non-Highlight
vod_002,1375,1380,Non-Highlight
vod_002,1380,1385,Highlight
vod_002,1385,1390,Non-Highlight
vod_002,1390,1395,Non-Highlight
vod_002,1395,1400,Non-Highlight
vod_002,1400,1405,Non-Highlight
vod_002,1405,1410,Non-Highlight
vod_002,1410,1415,Non-Highlight
vod_002,1415,1420,Non-Highlight
vod_002,1420,1425,Non-Highlight
vod_002,1425,1430,Non-Highlight
vod_002,1430,1435,Non-Highlight
vod_002,1435,1440,Non-Highlight
vod_002,1440,1445,Non-Highlight
vod_002,1445,1450,Non-Highlight
vod_002,1450,1455,Non-Highlight
vod_002,1455,1460,Non-Highlight
vod_002,1460,1465,Non-Highlight
vod_002,1465,1470,Non-Highlight
vod_002,1470,1475,Non-Highlight
vod_002,1475,1480,Near-Highlight
vod_002,1480,1485,Highlight
vod_002,1485,1490,Non-Highlight
vod_002,1490,1495,Non-Highlight
vod_002,1495,1500,Non-Highlight
vod_002,1500,1505,Highlight
vod_002,1505,1510,Near-Highlight
vod_002,1510,1515,Near-Highlight
vod_002,1515,1520,Highlight
vod_002,1520,1525,Highlight
vod_002,1525,1530,Highlight
vod_002,1530,1535,Highlight
vod_002,1535,1540,Highlight
vod_002,1540,1545,Near-Highlight
vod_002,1545,1550,Near-Highlight
vod_002,1550,1555,Near-Highlight
vod_002,1555,1560,Near-Highlight
vod_002,1560,1565,Near-Highlight
vod_002,1565,1570,Near-Highlight
vod_002,1570,1575,Near-Highlight
vod_002,1575,1580,Near-Highlight
vod_002,1580,1585,Near-Highlight
vod_002,1585,1590,Highlight
vod_002,1590,1595,Near-Highlight
vod_002,1595,1600,Near-Highlight
vod_002,1600,1605,Highlight
vod_002,1605,1610,Highlight
vod_002,1610,1615,Highlight
vod_002,1615,1620,Highlight
vod_002,1620,1625,Highlight
vod_002,1625,1630,Highlight
vod_002,1630,1635,Highlight
vod_002,1635,1640,Highlight
vod_002,1640,1645,Near-Highlight
vod_002,1645,1650,Near-Highlight
vod_002,1650,1655,Near-Highlight
vod_002,1655,1660,Near-Highlight
vod_002,1660,1665,Near-Highlight
vod_002,1665,1670,Near-Highlight
vod_002,1670,1675,Near-Highlight
vod_002,1675,1680,Near-Highlight
vod_002,1680,1685,Near-Highlight
vod_002,1685,1690,Highlight
vod_002,1690,1695,Non-Highlight
vod_002,1695,1700,Non-Highlight
vod_002,1700,1705,Non-Highlight
vod_002,1705,1710,Non-Highlight
vod_002,1710,1715,Non-Highlight
vod_002,1715,1720,Non-Highlight
vod_002,1720,1725,Non-Highlight
vod_002,1725,1730,Non-Highlight
vod_002,1730,1735,Non-Highlight
vod_002,1735,1740,Non-Highlight
vod_002,1740,1745,Non-Highlight
vod_002,1745,1750,Non-Highlight
vod_002,1750,1755,Non-Highlight
vod_002,1755,1760,Non-Highlight
vod_002,1760,1765,Non-Highlight
vod_002,1765,1770,Non-Highlight
vod_002,1770,1775,Non-Highlight
vod_002,1775,1780,Non-Highlight
vod_002,1780,1785,Non-Highlight
vod_002,1785,1790,Non-Highlight
vod_002,1790,1795,Non-Highlight
vod_002,1795,1800,Non-Highlight
vod_002,1800,1805,Non-Highlight
vod_002,1805,1810,Non-Highlight
vod_002,1810,1815,Non-Highlight
vod_002,1815,1820,Non-Highlight
vod_002,1820,1825,Non-Highlight
vod_002,1825,1830,Non-Highlight
vod_002,1830,1835,Non-Highlight
vod_002,1835,1840,Non-Highlight
vod_002,1840,1845,Non-Highlight
vod_002,1845,1850,Non-Highlight
vod_002,1850,1855,Non-Highlight
vod_002,1855,1860,Non-Highlight
vod_002,1860,1865,Non-Highlight
vod_002,1865,1870,Non-Highlight
vod_002,1870,1875,Highlight
vod_002,1875,1880,Non-Highlight
vod_002,1880,1885,Non-Highlight
vod_002,1885,1890,Non-Highlight
vod_002,1890,1895,Non-Highlight
vod_002,1895,1900,Non-Highlight
vod_002,1900,1905,Non-Highlight
vod_002,1905,1910,Non-Highlight
vod_002,1910,1915,Non-Highlight
vod_002,1915,1920,Non-Highlight
vod_002,1920,1925,Non-Highlight
vod_002,1925,1930,Non-Highlight
vod_002,1930,1935,Non-Highlight
vod_002,1935,1940,Non-Highlight
vod_002,1940,1945,Highlight
vod_002,1945,1950,Near-Highlight
vod_002,1950,1955,Non-Highlight
vod_002,1955,1960,Non-Highlight
vod_002,1960,1965,Near-Highlight
vod_002,1965,1970,Near-Highlight
vod_002,1970,1975,Near-Highlight
vod_002,1975,1980,Near-Highlight
vod_002,1980,1985,Non-Highlight
vod_002,1985,1990,Near-Highlight
vod_002,1990,1995,Near-Highlight
vod_002,1995,2000,Near-Highlight
vod_002,2000,2005,Near-Highlight
vod_002,2005,2010,Non-Highlight  
vod_002,2010,2015,Non-Highlight  
vod_002,2015,2020,Highlight
vod_002,2020,2025,Highlight
vod_002,2025,2030,Highlight
vod_002,2030,2035,Non-Highlight
vod_002,2035,2040,Non-Highlight
vod_002,2040,2045,Highlight
vod_002,2045,2050,Non-Highlight
vod_002,2050,2055,Non-Highlight
vod_002,2055,2060,Non-Highlight
vod_002,2060,2065,Non-Highlight
vod_002,2065,2070,Non-Highlight
vod_002,2070,2075,Non-Highlight
vod_002,2075,2080,Non-Highlight
vod_002,2080,2085,Non-Highlight
vod_002,2085,2090,Near-Highlight
vod_002,2090,2095,Near-Highlight
vod_002,2095,2100,Highlight
vod_002,2100,2105,Non-Highlight
vod_002,2105,2110,Non-Highlight
vod_002,2110,2115,Non-Highlight
vod_002,2115,2120,Non-Highlight
vod_002,2120,2125,Non-Highlight
vod_002,2125,2130,Non-Highlight
vod_002,2130,2135,Non-Highlight
vod_002,2135,2140,Non-Highlight
vod_002,2140,2145,Non-Highlight
vod_002,2145,2150,Non-Highlight
vod_002,2150,2155,Non-Highlight
vod_002,2155,2160,Non-Highlight
vod_002,2160,2165,Non-Highlight
vod_002,2165,2170,Non-Highlight
vod_002,2170,2175,Non-Highlight
vod_002,2175,2180,Non-Highlight
vod_002,2180,2185,Non-Highlight
vod_002,2185,2190,Non-Highlight
vod_002,2190,2195,Non-Highlight
vod_002,2195,2200,Non-Highlight
vod_002,2200,2205,Non-Highlight
vod_002,2205,2210,Non-Highlight
vod_002,2210,2215,Non-Highlight
vod_002,2215,2220,Non-Highlight
vod_002,2220,2225,Non-Highlight
vod_002,2225,2230,Non-Highlight
vod_002,2230,2235,Non-Highlight
vod_002,2235,2240,Non-Highlight
vod_002,2240,2245,Non-Highlight
vod_002,2245,2250,Non-Highlight
vod_002,2250,2255,Non-Highlight
vod_002,2255,2260,Non-Highlight
vod_002,2260,2265,Non-Highlight
vod_002,2265,2270,Non-Highlight
vod_002,2270,2275,Non-Highlight
vod_002,2275,2280,Non-Highlight
vod_002,2280,2285,Non-Highlight
vod_002,2285,2290,Non-Highlight
vod_002,2290,2295,Non-Highlight
vod_002,2295,2300,Non-Highlight
vod_002,2300,2305,Non-Highlight
vod_002,2305,2310,Non-Highlight
vod_002,2310,2315,Non-Highlight
vod_002,2315,2320,Non-Highlight
vod_002,2320,2325,Non-Highlight
vod_002,2325,2330,Non-Highlight
vod_002,2330,2335,Non-Highlight
vod_002,2335,2340,Highlight
vod_002,2340,2345,Highlight
vod_002,2345,2350,Highlight
vod_002,2350,2355,Highlight
vod_002,2355,2360,Highlight
vod_002,2360,2365,Non-Highlight
vod_002,2365,2370,Non-Highlight
vod_002,2370,2375,Non-Highlight
vod_002,2375,2380,Non-Highlight
vod_002,2380,2385,Non-Highlight
vod_002,2385,2390,Non-Highlight
vod_002,2390,2395,Non-Highlight
vod_002,2395,2400,Non-Highlight
vod_002,2400,2405,Non-Highlight
vod_002,2405,2410,Near-Highlight
vod_002,2410,2415,Near-Highlight
vod_002,2415,2420,Highlight
vod_002,2420,2425,Highlight
vod_002,2425,2430,Highlight
vod_002,2430,2435,Highlight
vod_002,2435,2440,Highlight
vod_002,2440,2445,Near-Highlight
vod_002,2445,2450,Non-Highlight
vod_002,2450,2455,Highlight
vod_002,2455,2460,Highlight
vod_002,2460,2465,Highlight
vod_002,2465,2470,Highlight
vod_002,2470,2475,Highlight
vod_002,2475,2480,Near-Highlight
vod_002,2480,2485,Non-Highlight
vod_002,2485,2490,Near-Highlight
vod_002,2490,2495,Near-Highlight
vod_002,2495,2500,Near-Highlight
vod_002,2500,2505,Near-Highlight
vod_002,2505,2510,Near-Highlight
vod_002,2510,2515,Near-Highlight
vod_002,2515,2520,Highlight
vod_002,2520,2525,Highlight
vod_002,2525,2530,Highlight
vod_002,2530,2535,Highlight
vod_002,2535,2540,Non-Highlight
vod_002,2540,2545,Non-Highlight
vod_002,2545,2550,Non-Highlight
vod_002,2550,2555,Highlight
vod_002,2555,2560,Highlight
vod_002,2560,2565,Highlight
vod_002,2565,2570,Near-Highlight
vod_002,2570,2575,Near-Highlight
vod_002,2575,2580,Near-Highlight
vod_002,2580,2585,Near-Highlight
vod_002,2585,2590,Near-Highlight
vod_002,2590,2595,Near-Highlight
vod_002,2595,2600,Near-Highlight
vod_002,2600,2605,Near-Highlight
vod_002,2605,2610,Near-Highlight
vod_002,2610,2615,Non-Highlight
vod_002,2615,2620,Non-Highlight
vod_002,2620,2625,Non-Highlight
vod_002,2625,2630,Non-Highlight
vod_002,2630,2635,Non-Highlight
vod_002,2635,2640,Near-Highlight
vod_002,2640,2645,Near-Highlight
vod_002,2645,2650,Near-Highlight
vod_002,2650,2655,Highlight
vod_002,2655,2660,Near-Highlight
vod_002,2660,2665,Near-Highlight
vod_002,2665,2670,Near-Highlight
vod_002,2670,2675,Highlight
vod_002,2675,2680,Highlight
vod_002,2680,2685,Highlight
vod_002,2685,2690,Highlight
vod_002,2685,2965,Highlight
vod_002,2690,2695,Highlight
vod_002,2695,2700,Highlight
vod_002,2700,2705,Highlight
vod_002,2705,2710,Near-Highlight
vod_002,2710,2715,Near-Highlight
vod_002,2715,2720,Highlight
vod_002,2720,2725,Highlight
vod_002,2725,2730,Highlight
vod_002,2730,2735,Non-Highlight
vod_002,2735,2740,Near-Highlight
vod_002,2740,2745,Near-Highlight
vod_002,2745,2750,Near-Highlight
vod_002,2750,2755,Near-Highlight
vod_002,2755,2760,Near-Highlight
vod_002,2760,2765,Near-Highlight
vod_002,2765,2770,Near-Highlight
vod_002,2770,2775,Highlight
vod_002,2775,2780,Non-Highlight
vod_002,2780,2785,Non-Highlight
vod_002,2785,2790,Non-Highlight
vod_002,2790,2795,Non-Highlight
vod_002,2795,2800,Non-Highlight
vod_002,2800,2805,Non-Highlight
vod_002,2805,2810,Non-Highlight
vod_002,2810,2815,Non-Highlight
vod_002,2815,2820,Non-Highlight
vod_002,2820,2825,Non-Highlight
vod_002,2825,2830,Non-Highlight
vod_002,2830,2835,Non-Highlight
vod_002,2835,2840,Highlight
vod_002,2840,2845,Highlight
vod_002,2845,2850,Highlight
vod_002,2850,2855,Highlight
vod_002,2855,2860,Highlight
vod_002,2860,2865,Highlight
vod_002,2865,2870,Highlight
vod_002,2870,2875,Highlight
vod_002,2875,2880,Non-Highlight
vod_002,2880,2885,Non-Highlight
vod_002,2885,2890,Non-Highlight
vod_002,2890,2895,Near-Highlight
vod_002,2895,2900,Highlight
vod_002,2900,2905,Near-Highlight
vod_002,2905,2910,Near-Highlight
vod_002,2910,2915,Near-Highlight
vod_002,2915,2920,Highlight
vod_002,2920,2925,Highlight
vod_002,2925,2930,Highlight
vod_002,2930,2935,Highlight
vod_002,2935,2940,Highlight
vod_002,2940,2945,Highlight
vod_002,2945,2950,Highlight
vod_002,2950,2955,Highlight
vod_002,2955,2960,Highlight
vod_002,2960,2965,Highlight
vod_003,0,5,Non-Highlight
vod_003,5,10,Non-Highlight
vod_003,10,15,Non-Highlight
vod_003,15,20,Non-Highlight
vod_003,20,25,Non-Highlight
vod_003,25,30,Non-Highlight
vod_003,30,35,Non-Highlight
vod_003,35,40,Non-Highlight
vod_003,40,45,Non-Highlight
vod_003,45,50,Non-Highlight
vod_003,50,55,Non-Highlight
vod_003,55,60,Non-Highlight
vod_003,60,65,Non-Highlight
vod_003,65,70,Non-Highlight
vod_003,70,75,Non-Highlight
vod_003,75,80,Non-Highlight
vod_003,80,85,Non-Highlight
vod_003,85,90,Non-Highlight
vod_003,90,95,Non-Highlight
vod_003,95,100,Non-Highlight
vod_003,100,105,Non-Highlight
vod_003,105,110,Non-Highlight
vod_003,110,115,Non-Highlight
vod_003,115,120,Non-Highlight
vod_003,120,125,Non-Highlight
vod_003,125,130,Non-Highlight
vod_003,130,135,Non-Highlight
vod_003,135,140,Non-Highlight
vod_003,140,145,Non-Highlight
vod_003,145,150,Non-Highlight
vod_003,150,155,Non-Highlight
vod_003,155,160,Non-Highlight
vod_003,160,165,Non-Highlight
vod_003,165,170,Non-Highlight
vod_003,170,175,Non-Highlight
vod_003,175,180,Non-Highlight
vod_003,180,185,Non-Highlight
vod_003,185,190,Non-Highlight
vod_003,190,195,Non-Highlight
vod_003,195,200,Non-Highlight
vod_003,200,205,Non-Highlight
vod_003,205,210,Non-Highlight
vod_003,210,215,Non-Highlight
vod_003,215,220,Non-Highlight
vod_003,220,225,Non-Highlight
vod_003,225,230,Non-Highlight
vod_003,230,235,Non-Highlight
vod_003,235,240,Non-Highlight
vod_003,240,245,Non-Highlight
vod_003,245,250,Non-Highlight
vod_003,250,255,Non-Highlight
vod_003,255,260,Non-Highlight
vod_003,260,265,Non-Highlight
vod_003,265,270,Non-Highlight
vod_003,270,275,Non-Highlight
vod_003,275,280,Non-Highlight
vod_003,280,285,Non-Highlight
vod_003,285,290,Non-Highlight
vod_003,290,295,Non-Highlight
vod_003,295,300,Non-Highlight
vod_003,300,305,Non-Highlight
vod_003,305,310,Non-Highlight
vod_003,310,315,Non-Highlight
vod_003,315,320,Non-Highlight
vod_003,320,325,Non-Highlight
vod_003,325,330,Non-Highlight
vod_003,330,335,Non-Highlight
vod_003,335,340,Non-Highlight
vod_003,340,345,Non-Highlight
vod_003,345,350,Non-Highlight
vod_003,350,355,Non-Highlight
vod_003,355,360,Non-Highlight
vod_003,360,365,Non-Highlight
vod_003,365,370,Non-Highlight
vod_003,370,375,Non-Highlight
vod_003,375,380,Non-Highlight
vod_003,380,385,Non-Highlight
vod_003,385,390,Non-Highlight
vod_003,390,395,Non-Highlight
vod_003,395,400,Non-Highlight
vod_003,400,405,Non-Highlight
vod_003,405,410,Non-Highlight
vod_003,410,415,Non-Highlight
vod_003,415,420,Non-Highlight
vod_003,420,425,Non-Highlight
vod_003,425,430,Non-Highlight
vod_003,430,435,Non-Highlight
vod_003,435,440,Non-Highlight
vod_003,440,445,Non-Highlight
vod_003,445,450,Non-Highlight
vod_003,450,455,Non-Highlight
vod_003,455,460,Non-Highlight
vod_003,460,465,Non-Highlight
vod_003,465,470,Non-Highlight
vod_003,470,475,Non-Highlight
vod_003,475,480,Non-Highlight
vod_003,480,485,Non-Highlight
vod_003,485,490,Non-Highlight
vod_003,490,495,Non-Highlight
vod_003,495,500,Non-Highlight
vod_003,500,505,Non-Highlight
vod_003,505,510,Non-Highlight
vod_003,510,515,Non-Highlight
vod_003,515,520,Non-Highlight
vod_003,520,525,Non-Highlight
vod_003,525,530,Non-Highlight
vod_003,530,535,Non-Highlight
vod_003,535,540,Non-Highlight
vod_003,540,545,Non-Highlight
vod_003,545,550,Non-Highlight
vod_003,550,555,Non-Highlight
vod_003,555,560,Non-Highlight
vod_003,560,565,Non-Highlight
vod_003,565,570,Non-Highlight
vod_003,570,575,Non-Highlight
vod_003,575,580,Non-Highlight
vod_003,580,585,Non-Highlight
vod_003,585,590,Non-Highlight
vod_003,590,595,Non-Highlight
vod_003,595,600,Non-Highlight
vod_003,600,605,Non-Highlight
vod_003,605,610,Non-Highlight
vod_003,610,615,Non-Highlight
vod_003,615,620,Non-Highlight
vod_003,620,625,Non-Highlight
vod_003,625,630,Non-Highlight
vod_003,630,635,Non-Highlight
vod_003,635,640,Non-Highlight
vod_003,640,645,Non-Highlight
vod_003,645,650,Non-Highlight
vod_003,650,655,Non-Highlight
vod_003,655,660,Non-Highlight
vod_003,660,665,Non-Highlight
vod_003,665,670,Non-Highlight
vod_003,670,675,Non-Highlight
vod_003,675,680,Non-Highlight
vod_003,680,685,Non-Highlight
vod_003,685,690,Non-Highlight
vod_003,690,695,Non-Highlight
vod_003,695,700,Non-Highlight
vod_003,700,705,Non-Highlight
vod_003,705,710,Non-Highlight
vod_003,710,715,Non-Highlight
vod_003,715,720,Non-Highlight
vod_003,720,725,Non-Highlight
vod_003,725,730,Non-Highlight
vod_003,730,735,Non-Highlight
vod_003,735,740,Non-Highlight
vod_003,740,745,Near-Highlight
vod_003,745,750,Highlight
vod_003,750,755,Highlight
vod_003,755,760,Highlight
vod_003,760,765,Highlight
vod_003,765,770,Highlight
vod_003,770,775,Near-Highlight
vod_003,775,780,Near-Highlight
vod_003,780,785,Non-Highlight
vod_003,785,790,Non-Highlight
vod_003,790,795,Non-Highlight
vod_003,795,800,Non-Highlight
vod_003,800,805,Non-Highlight
vod_003,805,810,Non-Highlight
vod_003,810,815,Non-Highlight
vod_003,815,820,Non-Highlight
vod_003,820,825,Non-Highlight
vod_003,825,830,Non-Highlight
vod_003,830,835,Non-Highlight
vod_003,835,840,Non-Highlight
vod_003,840,845,Non-Highlight
vod_003,845,850,Non-Highlight
vod_003,850,855,Non-Highlight
vod_003,855,860,Non-Highlight
vod_003,860,865,Non-Highlight
vod_003,865,870,Non-Highlight
vod_003,870,875,Near-Highlight
vod_003,875,880,Highlight
vod_003,880,885,Highlight
vod_003,885,890,Highlight
vod_003,890,895,Near-Highlight
vod_003,895,900,Non-Highlight
vod_003,900,905,Non-Highlight
vod_003,905,910,Non-Highlight
vod_003,910,915,Non-Highlight
vod_003,915,920,Non-Highlight
vod_003,920,925,Non-Highlight
vod_003,925,930,Non-Highlight
vod_003,930,935,Non-Highlight
vod_003,935,940,Non-Highlight
vod_003,940,945,Non-Highlight
vod_003,945,950,Non-Highlight
vod_003,950,955,Non-Highlight
vod_003,955,960,Non-Highlight
vod_003,960,965,Non-Highlight
vod_003,965,970,Non-Highlight
vod_003,970,975,Non-Highlight
vod_003,975,980,Non-Highlight
vod_003,980,985,Non-Highlight
vod_003,985,990,Non-Highlight
vod_003,990,995,Non-Highlight
vod_003,995,1000,Non-Highlight
vod_003,1000,1005,Non-Highlight
vod_003,1005,1010,Non-Highlight
vod_003,1010,1015,Non-Highlight
vod_003,1015,1020,Non-Highlight
vod_003,1020,1025,Non-Highlight
vod_003,1025,1030,Non-Highlight
vod_003,1030,1035,Non-Highlight
vod_003,1035,1040,Non-Highlight
vod_003,1040,1045,Non-Highlight
vod_003,1045,1050,Non-Highlight
vod_003,1050,1055,Non-Highlight
vod_003,1055,1060,Near-Highlight
vod_003,1060,1065,Highlight
vod_003,1065,1070,Highlight
vod_003,1070,1075,Highlight
vod_003,1075,1080,Highlight
vod_003,1080,1085,Highlight
vod_003,1085,1090,Highlight
vod_003,1090,1095,Highlight
vod_003,1095,1100,Highlight
vod_003,1100,1105,Highlight
vod_003,1105,1110,Highlight
vod_003,1110,1115,Highlight
vod_003,1115,1120,Highlight
vod_003,1120,1125,Highlight
vod_003,1125,1130,Near-Highlight
vod_003,1130,1135,Near-Highlight
vod_003,1135,1140,Non-Highlight
vod_003,1140,1145,Non-Highlight
vod_003,1145,1150,Non-Highlight
vod_003,1150,1155,Non-Highlight
vod_003,1155,1160,Non-Highlight
vod_003,1160,1165,Non-Highlight
vod_003,1165,1170,Non-Highlight
vod_003,1170,1175,Non-Highlight
vod_003,1175,1180,Non-Highlight
vod_003,1180,1185,Non-Highlight
vod_003,1185,1190,Non-Highlight
vod_003,1190,1195,Non-Highlight
vod_003,1195,1200,Non-Highlight
vod_003,1200,1205,Near-Highlight
vod_003,1205,1210,Highlight
vod_003,1210,1215,Highlight
vod_003,1215,1220,Near-Highlight
vod_003,1220,1225,Highlight
vod_003,1225,1230,Near-Highlight
vod_003,1230,1235,Non-Highlight
vod_003,1235,1240,Non-Highlight
vod_003,1240,1245,Non-Highlight
vod_003,1245,1250,Non-Highlight
vod_003,1250,1255,Non-Highlight
vod_003,1255,1260,Non-Highlight
vod_003,1260,1265,Non-Highlight
vod_003,1265,1270,Non-Highlight
vod_003,1270,1275,Non-Highlight
vod_003,1275,1280,Non-Highlight
vod_003,1280,1285,Non-Highlight
vod_003,1285,1290,Non-Highlight
vod_003,1290,1295,Non-Highlight
vod_003,1295,1300,Non-Highlight
vod_003,1300,1305,Non-Highlight
vod_003,1305,1310,Non-Highlight
vod_003,1310,1315,Non-Highlight
vod_003,1315,1320,Non-Highlight
vod_003,1320,1325,Non-Highlight
vod_003,1325,1330,Non-Highlight
vod_003,1330,1335,Non-Highlight
vod_003,1335,1340,Near-Highlight
vod_003,1340,1345,Highlight
vod_003,1345,1350,Highlight
vod_003,1350,1355,Highlight
vod_003,1355,1360,Highlight
vod_003,1360,1365,Near-Highlight
vod_003,1365,1370,Non-Highlight
vod_003,1370,1375,Non-Highlight
vod_003,1375,1380,Non-Highlight
vod_003,1380,1385,Non-Highlight
vod_003,1385,1390,Non-Highlight
vod_003,1390,1395,Non-Highlight
vod_003,1395,1400,Non-Highlight
vod_003,1400,1405,Non-Highlight
vod_003,1405,1410,Non-Highlight
vod_003,1410,1415,Non-Highlight
vod_003,1415,1420,Non-Highlight
vod_003,1420,1425,Non-Highlight
vod_003,1425,1430,Near-Highlight
vod_003,1430,1435,Highlight
vod_003,1435,1440,Highlight
vod_003,1440,1445,Near-Highlight
vod_003,1445,1450,Non-Highlight
vod_003,1450,1455,Non-Highlight
vod_003,1455,1460,Non-Highlight
vod_003,1460,1465,Near-Highlight
vod_003,1465,1470,Highlight
vod_003,1470,1475,Highlight
vod_003,1475,1480,Near-Highlight
vod_003,1480,1485,Non-Highlight
vod_003,1485,1490,Non-Highlight
vod_003,1490,1495,Non-Highlight
vod_003,1495,1500,Non-Highlight
vod_003,1500,1505,Non-Highlight
vod_003,1505,1510,Non-Highlight
vod_003,1510,1515,Non-Highlight
vod_003,1515,1520,Non-Highlight
vod_003,1520,1525,Non-Highlight
vod_003,1525,1530,Non-Highlight
vod_003,1530,1535,Non-Highlight
vod_003,1535,1540,Non-Highlight
vod_003,1540,1545,Non-Highlight
vod_003,1545,1550,Non-Highlight
vod_003,1550,1555,Non-Highlight
vod_003,1555,1560,Non-Highlight
vod_003,1560,1565,Non-Highlight
vod_003,1565,1570,Non-Highlight
vod_003,1570,1575,Non-Highlight
vod_003,1575,1580,Non-Highlight
vod_003,1580,1585,Non-Highlight
vod_003,1585,1590,Non-Highlight
vod_003,1590,1595,Non-Highlight
vod_003,1595,1600,Non-Highlight
vod_003,1600,1605,Non-Highlight
vod_003,1605,1610,Non-Highlight
vod_003,1610,1615,Non-Highlight
vod_003,1615,1620,Non-Highlight
vod_003,1620,1625,Non-Highlight
vod_003,1625,1630,Non-Highlight
vod_003,1630,1635,Non-Highlight
vod_003,1635,1640,Non-Highlight
vod_003,1640,1645,Non-Highlight
vod_003,1645,1650,Non-Highlight
vod_003,1650,1655,Non-Highlight
vod_003,1655,1660,Non-Highlight
vod_003,1660,1665,Non-Highlight
vod_003,1665,1670,Non-Highlight
vod_003,1670,1675,Non-Highlight
vod_003,1675,1680,Non-Highlight
vod_003,1680,1685,Non-Highlight
vod_003,1685,1690,Non-Highlight
vod_003,1690,1695,Non-Highlight
vod_003,1695,1700,Non-Highlight
vod_003,1700,1705,Non-Highlight
vod_003,1705,1710,Non-Highlight
vod_003,1710,1715,Non-Highlight
vod_003,1715,1720,Non-Highlight
vod_003,1720,1725,Non-Highlight
vod_003,1725,1730,Non-Highlight
vod_003,1730,1735,Non-Highlight
vod_003,1735,1740,Non-Highlight
vod_003,1740,1745,Non-Highlight
vod_003,1745,1750,Non-Highlight
vod_003,1750,1755,Non-Highlight
vod_003,1755,1760,Non-Highlight
vod_003,1760,1765,Non-Highlight
vod_003,1765,1770,Non-Highlight
vod_003,1770,1775,Near-Highlight
vod_003,1775,1780,Highlight
vod_003,1780,1785,Highlight
vod_003,1785,1790,Highlight
vod_003,1790,1795,Highlight
vod_003,1795,1800,Highlight
vod_003,1800,1805,Highlight
vod_003,1805,1810,Highlight
vod_003,1810,1815,Highlight
vod_003,1815,1820,Highlight
vod_003,1820,1825,Near-Highlight
vod_003,1825,1830,Non-Highlight
vod_003,1830,1835,Non-Highlight
vod_003,1835,1840,Non-Highlight
vod_003,1840,1845,Non-Highlight
vod_003,1845,1850,Non-Highlight
vod_003,1850,1855,Non-Highlight
vod_003,1855,1860,Non-Highlight
vod_003,1860,1865,Non-Highlight
vod_003,1865,1870,Non-Highlight
vod_003,1870,1875,Non-Highlight
vod_003,1875,1880,Non-Highlight
vod_003,1880,1885,Non-Highlight
vod_003,1885,1890,Non-Highlight
vod_003,1890,1895,Non-Highlight
vod_003,1895,1900,Non-Highlight
vod_003,1900,1905,Non-Highlight
vod_003,1905,1910,Non-Highlight
vod_003,1910,1915,Non-Highlight
vod_003,1915,1920,Non-Highlight
vod_003,1920,1925,Non-Highlight
vod_003,1925,1930,Non-Highlight
vod_003,1930,1935,Non-Highlight
vod_003,1935,1940,Non-Highlight
vod_003,1940,1945,Non-Highlight
vod_003,1945,1950,Non-Highlight
vod_003,1950,1955,Near-Highlight
vod_003,1955,1960,Highlight
vod_003,1960,1965,Highlight
vod_003,1965,1970,Highlight
vod_003,1970,1975,Highlight
vod_003,1975,1980,Highlight
vod_003,1980,1985,Highlight
vod_003,1985,1990,Highlight
vod_003,1990,1995,Highlight
vod_003,1995,2000,Highlight
vod_003,2000,2005,Highlight
vod_003,2005,2010,Highlight
vod_003,2010,2015,Highlight
vod_003,2015,2020,Highlight
vod_003,2020,2025,Highlight
vod_003,2025,2030,Highlight
vod_003,2030,2035,Near-Highlight
vod_003,2035,2040,Near-Highlight
vod_003,2040,2045,Highlight
vod_003,2045,2050,Highlight
vod_003,2050,2055,Highlight
vod_003,2055,2060,Highlight
vod_003,2060,2065,Highlight
vod_003,2065,2070,Highlight
vod_003,2070,2075,Highlight
vod_003,2075,2080,Near-Highlight
vod_003,2080,2085,Near-Highlight
vod_003,2085,2090,Non-Highlight
vod_003,2090,2095,Non-Highlight
vod_003,2095,2100,Non-Highlight
vod_003,2100,2105,Non-Highlight
vod_003,2105,2110,Non-Highlight
vod_003,2110,2115,Non-Highlight
vod_003,2115,2120,Non-Highlight
vod_003,2120,2125,Non-Highlight
vod_003,2125,2130,Non-Highlight
vod_003,2130,2135,Non-Highlight
vod_003,2135,2140,Non-Highlight
vod_003,2140,2145,Non-Highlight
vod_003,2145,2150,Non-Highlight
vod_003,2150,2155,Non-Highlight
vod_003,2155,2160,Non-Highlight
vod_003,2160,2165,Non-Highlight
vod_003,2165,2170,Non-Highlight
vod_003,2170,2175,Non-Highlight
vod_003,2175,2180,Non-Highlight
vod_003,2180,2185,Non-Highlight
vod_003,2185,2190,Non-Highlight
vod_003,2190,2195,Non-Highlight
vod_003,2195,2200,Non-Highlight
vod_003,2200,2205,Non-Highlight
vod_003,2205,2210,Non-Highlight
vod_003,2210,2215,Non-Highlight
vod_003,2215,2220,Non-Highlight
vod_003,2220,2225,Non-Highlight
vod_003,2225,2230,Non-Highlight
vod_003,2230,2235,Non-Highlight
vod_003,2235,2240,Non-Highlight
vod_003,2240,2245,Non-Highlight
vod_003,2245,2250,Non-Highlight
vod_003,2250,2255,Non-Highlight
vod_003,2255,2260,Non-Highlight
vod_003,2260,2265,Non-Highlight
vod_003,2265,2270,Non-Highlight
vod_003,2270,2275,Non-Highlight
vod_003,2275,2280,Non-Highlight
vod_003,2280,2285,Non-Highlight
vod_003,2285,2290,Non-Highlight
vod_003,2290,2295,Non-Highlight
vod_003,2295,2300,Non-Highlight
vod_003,2300,2305,Non-Highlight
vod_003,2305,2310,Non-Highlight
vod_003,2310,2315,Non-Highlight
vod_003,2315,2320,Non-Highlight
vod_003,2320,2325,Non-Highlight
vod_003,2325,2330,Non-Highlight
vod_003,2330,2335,Non-Highlight
vod_003,2335,2340,Non-Highlight
vod_003,2340,2345,Non-Highlight
vod_003,2345,2350,Non-Highlight
vod_003,2350,2355,Near-Highlight
vod_003,2355,2360,Highlight
vod_003,2360,2365,Highlight
vod_003,2365,2370,Highlight
vod_003,2370,2375,Highlight
vod_003,2375,2380,Highlight
vod_003,2380,2385,Highlight
vod_003,2385,2390,Highlight
vod_003,2390,2395,Highlight
vod_003,2395,2400,Highlight
vod_003,2400,2405,Highlight
vod_003,2405,2410,Highlight
vod_003,2410,2415,Highlight
vod_003,2415,2420,Highlight
vod_003,2420,2425,Highlight
vod_003,2425,2430,Near-Highlight
vod_003,2430,2435,Non-Highlight
vod_003,2435,2440,Non-Highlight
vod_003,2440,2445,Non-Highlight
vod_003,2445,2450,Non-Highlight
vod_003,2450,2455,Non-Highlight
vod_003,2455,2460,Non-Highlight
vod_003,2460,2465,Non-Highlight
vod_003,2465,2470,Non-Highlight
vod_003,2470,2475,Non-Highlight
vod_003,2475,2480,Non-Highlight
vod_003,2480,2485,Non-Highlight
vod_003,2485,2490,Non-Highlight
vod_003,2490,2495,Non-Highlight
vod_003,2495,2500,Non-Highlight
vod_003,2500,2505,Non-Highlight
vod_003,2505,2510,Non-Highlight
vod_003,2510,2515,Non-Highlight
vod_003,2515,2520,Non-Highlight
vod_003,2520,2525,Non-Highlight
vod_003,2525,2530,Non-Highlight
vod_003,2530,2535,Non-Highlight
vod_003,2535,2540,Non-Highlight
vod_003,2540,2545,Non-Highlight
vod_003,2545,2550,Non-Highlight
vod_003,2550,2555,Near-Highlight
vod_003,2555,2560,Highlight
vod_003,2560,2565,Highlight
vod_003,2565,2570,Highlight
vod_003,2570,2575,Highlight
vod_003,2575,2580,Highlight
vod_003,2580,2585,Highlight
vod_003,2585,2590,Highlight
vod_003,2590,2595,Highlight
vod_003,2595,2600,Highlight
vod_003,2600,2605,Highlight
vod_004,0,5,
vod_004,5,10,
vod_004,10,15,
vod_004,15,20,
vod_004,20,25,
vod_004,25,30,
vod_004,30,35,
vod_004,35,40,
vod_004,40,45,
vod_004,45,50,
vod_004,50,55,
vod_004,55,60,
vod_004,60,65,
vod_004,65,70,
vod_004,70,75,
vod_004,75,80,
vod_004,80,85,
vod_004,85,90,
vod_004,90,95,
vod_004,95,100,
vod_004,100,105,
vod_004,105,110,
vod_004,110,115,
vod_004,115,120,
vod_004,120,125,
vod_004,125,130,
vod_004,130,135,
vod_004,135,140,
vod_004,140,145,
vod_004,145,150,
vod_004,150,155,
vod_004,155,160,
vod_004,160,165,
vod_004,165,170,
vod_004,170,175,
vod_004,175,180,
vod_004,180,185,
vod_004,185,190,
vod_004,190,195,
vod_004,195,200,
vod_004,200,205,
vod_004,205,210,
vod_004,210,215,
vod_004,215,220,
vod_004,220,225,
vod_004,225,230,
vod_004,230,235,
vod_004,235,240,
vod_004,240,245,
vod_004,245,250,
vod_004,250,255,
vod_004,255,260,
vod_004,260,265,
vod_004,265,270,
vod_004,270,275,
vod_004,275,280,
vod_004,280,285,
vod_004,285,290,
vod_004,290,295,
vod_004,295,300,
vod_004,300,305,
vod_004,305,310,
vod_004,310,315,
vod_004,315,320,
vod_004,320,325,
vod_004,325,330,
vod_004,330,335,
vod_004,335,340,
vod_004,340,345,
vod_004,345,350,
vod_004,350,355,
vod_004,355,360,
vod_004,360,365,
vod_004,365,370,
vod_004,370,375,
vod_004,375,380,
vod_004,380,385,
vod_004,385,390,
vod_004,390,395,
vod_004,395,400,
vod_004,400,405,
vod_004,405,410,
vod_004,410,415,
vod_004,415,420,
vod_004,420,425,
vod_004,425,430,
vod_004,430,435,
vod_004,435,440,
vod_004,440,445,
vod_004,445,450,
vod_004,450,455,
vod_004,455,460,
vod_004,460,465,
vod_004,465,470,
vod_004,470,475,
vod_004,475,480,
vod_004,480,485,
vod_004,485,490,
vod_004,490,495,
vod_004,495,500,
vod_004,500,505,
vod_004,505,510,
vod_004,510,515,
vod_004,515,520,
vod_004,520,525,
vod_004,525,530,
vod_004,530,535,
vod_004,535,540,
vod_004,540,545,
vod_004,545,550,
vod_004,550,555,
vod_004,555,560,
vod_004,560,565,
vod_004,565,570,
vod_004,570,575,
vod_004,575,580,
vod_004,580,585,
vod_004,585,590,
vod_004,590,595,
vod_004,595,600,
vod_004,600,605,
vod_004,605,610,
vod_004,610,615,
vod_004,615,620,
vod_004,620,625,
vod_004,625,630,
vod_004,630,635,
vod_004,635,640,
vod_004,640,645,
vod_004,645,650,
vod_004,650,655,
vod_004,655,660,
vod_004,660,665,
vod_004,665,670,
vod_004,670,675,
vod_004,675,680,
vod_004,680,685,
vod_004,685,690,
vod_004,690,695,
vod_004,695,700,
vod_004,700,705,
vod_004,705,710,
vod_004,710,715,
vod_004,715,720,
vod_004,720,725,
vod_004,725,730,
vod_004,730,735,
vod_004,735,740,
vod_004,740,745,
vod_004,745,750,
vod_004,750,755,
vod_004,755,760,
vod_004,760,765,
vod_004,765,770,
vod_004,770,775,
vod_004,775,780,
vod_004,780,785,
vod_004,785,790,
vod_004,790,795,
vod_004,795,800,
vod_004,800,805,
vod_004,805,810,
vod_004,810,815,
vod_004,815,820,
vod_004,820,825,
vod_004,825,830,
vod_004,830,835,
vod_004,835,840,
vod_004,840,845,
vod_004,845,850,
vod_004,850,855,
vod_004,855,860,
vod_004,860,865,
vod_004,865,870,
vod_004,870,875,
vod_004,875,880,
vod_004,880,885,
vod_004,885,890,
vod_004,890,895,
vod_004,895,900,
vod_004,900,905,
vod_004,905,910,
vod_004,910,915,
vod_004,915,920,
vod_004,920,925,
vod_004,925,930,
vod_004,930,935,
vod_004,935,940,
vod_004,940,945,
vod_004,945,950,
vod_004,950,955,
vod_004,955,960,
vod_004,960,965,
vod_004,965,970,
vod_004,970,975,
vod_004,975,980,
vod_004,980,985,
vod_004,985,990,
vod_004,990,995,
vod_004,995,1000,
vod_004,1000,1005,
vod_004,1005,1010,
vod_004,1010,1015,
vod_004,1015,1020,
vod_004,1020,1025,
vod_004,1025,1030,
vod_004,1030,1035,
vod_004,1035,1040,
vod_004,1040,1045,
vod_004,1045,1050,
vod_004,1050,1055,
vod_004,1055,1060,
vod_004,1060,1065,
vod_004,1065,1070,
vod_004,1070,1075,
vod_004,1075,1080,
vod_004,1080,1085,
vod_004,1085,1090,
vod_004,1090,1095,
vod_004,1095,1100,
vod_004,1100,1105,
vod_004,1105,1110,
vod_004,1110,1115,
vod_004,1115,1120,
vod_004,1120,1125,
vod_004,1125,1130,
vod_004,1130,1135,
vod_004,1135,1140,
vod_004,1140,1145,
vod_004,1145,1150,
vod_004,1150,1155,
vod_004,1155,1160,
vod_004,1160,1165,
vod_004,1165,1170,
vod_004,1170,1175,
vod_004,1175,1180,
vod_004,1180,1185,
vod_004,1185,1190,
vod_004,1190,1195,
vod_004,1195,1200,
vod_004,1200,1205,
vod_004,1205,1210,
vod_004,1210,1215,
vod_004,1215,1220,
vod_004,1220,1225,
vod_004,1225,1230,
vod_004,1230,1235,
vod_004,1235,1240,
vod_004,1240,1245,
vod_004,1245,1250,
vod_004,1250,1255,
vod_004,1255,1260,
vod_004,1260,1265,
vod_004,1265,1270,
vod_004,1270,1275,
vod_004,1275,1280,
vod_004,1280,1285,
vod_004,1285,1290,
vod_004,1290,1295,
vod_004,1295,1300,
vod_004,1300,1305,
vod_004,1305,1310,
vod_004,1310,1315,
vod_004,1315,1320,
vod_004,1320,1325,
vod_004,1325,1330,
vod_004,1330,1335,
vod_004,1335,1340,
vod_004,1340,1345,
vod_004,1345,1350,
vod_004,1350,1355,
vod_004,1355,1360,
vod_004,1360,1365,
vod_004,1365,1370,
vod_004,1370,1375,
vod_004,1375,1380,
vod_004,1380,1385,
vod_004,1385,1390,
vod_004,1390,1395,
vod_004,1395,1400,
vod_004,1400,1405,
vod_004,1405,1410,
vod_004,1410,1415,
vod_004,1415,1420,
vod_004,1420,1425,
vod_004,1425,1430,
vod_004,1430,1435,
vod_004,1435,1440,
vod_004,1440,1445,
vod_004,1445,1450,
vod_004,1450,1455,
vod_004,1455,1460,
vod_004,1460,1465,
vod_004,1465,1470,
vod_004,1470,1475,
vod_004,1475,1480,
vod_004,1480,1485,
vod_004,1485,1490,
vod_004,1490,1495,
vod_004,1495,1500,
vod_004,1500,1505,
vod_004,1505,1510,
vod_004,1510,1515,
vod_004,1515,1520,
vod_004,1520,1525,
vod_004,1525,1530,
vod_004,1530,1535,
vod_004,1535,1540,
vod_004,1540,1545,
vod_004,1545,1550,
vod_004,1550,1555,
vod_004,1555,1560,
vod_004,1560,1565,
vod_004,1565,1570,
vod_004,1570,1575,
vod_004,1575,1580,
vod_004,1580,1585,
vod_004,1585,1590,
vod_004,1590,1595,
vod_004,1595,1600,
vod_004,1600,1605,
vod_004,1605,1610,
vod_004,1610,1615,
vod_004,1615,1620,
vod_004,1620,1625,
vod_004,1625,1630,
vod_004,1630,1635,
vod_004,1635,1640,
vod_004,1640,1645,
vod_004,1645,1650,
vod_004,1650,1655,
vod_004,1655,1660,
vod_004,1660,1665,
vod_004,1665,1670,
vod_004,1670,1675,
vod_004,1675,1680,
vod_004,1680,1685,
vod_004,1685,1690,
vod_004,1690,1695,
vod_004,1695,1700,
vod_004,1700,1705,
vod_004,1705,1710,
vod_004,1710,1715,
vod_004,1715,1720,
vod_004,1720,1725,
vod_004,1725,1730,
vod_004,1730,1735,
vod_004,1735,1740,
vod_004,1740,1745,
vod_004,1745,1750,
vod_004,1750,1755,
vod_004,1755,1760,
vod_004,1760,1765,
vod_004,1765,1770,
vod_004,1770,1775,
vod_004,1775,1780,
vod_004,1780,1785,
vod_004,1785,1790,
vod_004,1790,1795,
vod_004,1795,1800,
vod_004,1800,1805,
vod_004,1805,1810,
vod_004,1810,1815,
vod_004,1815,1820,
vod_004,1820,1825,
vod_004,1825,1830,
vod_004,1830,1835,
vod_004,1835,1840,
vod_004,1840,1845,
vod_004,1845,1850,
vod_004,1850,1855,
vod_004,1855,1860,
vod_004,1860,1865,
vod_004,1865,1870,
vod_004,1870,1875,
vod_004,1875,1880,
vod_004,1880,1885,
vod_004,1885,1890,
vod_004,1890,1895,
vod_004,1895,1900,
vod_004,1900,1905,
vod_004,1905,1910,
vod_004,1910,1915,
vod_004,1915,1920,
vod_004,1920,1925,
vod_004,1925,1930,
vod_004,1930,1935,
vod_004,1935,1940,
vod_004,1940,1945,
vod_004,1945,1950,
vod_004,1950,1955,
vod_004,1955,1960,
vod_004,1960,1965,
vod_004,1965,1970,
vod_004,1970,1975,
vod_004,1975,1980,
vod_004,1980,1985,
vod_004,1985,1990,
vod_004,1990,1995,
vod_004,1995,2000,
vod_004,2000,2005,
vod_004,2005,2010,
vod_004,2010,2015,
vod_004,2015,2020,
vod_004,2020,2025,
vod_004,2025,2030,
vod_004,2030,2035,
vod_004,2035,2040,
vod_004,2040,2045,
vod_004,2045,2050,
vod_004,2050,2055,
vod_004,2055,2060,
vod_004,2060,2065,
vod_004,2065,2070,
vod_004,2070,2075,
vod_004,2075,2080,
vod_004,2080,2085,
vod_004,2085,2090,
vod_004,2090,2095,
vod_004,2095,2100,
vod_004,2100,2105,
vod_004,2105,2110,
vod_004,2110,2115,
vod_004,2115,2120,
vod_004,2120,2125,
vod_004,2125,2130,
vod_004,2130,2135,
vod_004,2135,2140,
vod_004,2140,2145,
vod_004,2145,2150,
vod_004,2150,2155,
vod_004,2155,2160,
vod_004,2160,2165,
vod_004,2165,2170,
vod_004,2170,2175,
vod_004,2175,2180,
vod_004,2180,2185,
vod_004,2185,2190,
vod_004,2190,2195,
vod_004,2195,2200,
vod_004,2200,2205,
vod_004,2205,2210,
vod_004,2210,2215,
vod_004,2215,2220,
